Name,Age,Occupation,Location,Salary
Divina Dibbert Ret.,23,Designer,Los Angeles,71094
Rev. Desmond Morissette,34,Designer,Chicago,53631
Bettye Towne III,26,Teacher,Los Angeles,144998
Judie Walsh,22,Manager,Chicago,128149
Evalyn Torp,31,Manager,Chicago,94415
Debbi Flatley,27,Designer,New York,127512
Maxie Collier,60,Manager,San Francisco,84833
Prof. Ariana Langworth,29,Designer,San Francisco,111501
Ray Fisher,42,Teacher,San Francisco,145103
Angelika Brown,35,Teacher,Chicago,104413
Christinia Keeling,27,Manager,New York,101149
Kaley Thompson,57,Engineer,San Francisco,148073
Shonna Keeling,33,Engineer,New York,101166
Ms. Jerome Gutkowski,37,Manager,Chicago,70460
Jaquelyn Oberbrunner DO,40,Designer,New York,114455
Rep. Darrick Stracke,29,Manager,Los Angeles,64821
Frances Stiedemann,56,Manager,Los Angeles,135149
Wes Skiles,54,Manager,Los Angeles,84427
Laverne Orn,47,Teacher,San Francisco,132421
Billy Schiller,58,Teacher,New York,67739
Octavio Kshlerin,23,Designer,Los Angeles,56912
Merlin Erdman,26,Manager,San Francisco,67905
Robt Hettinger,53,Engineer,Chicago,73678
Raphael Brekke,38,Teacher,Chicago,51123
Fr. Lyndon Bauch,45,Manager,Los Angeles,87515
Deb Johnson,60,Engineer,Chicago,147618
Tomiko Pagac,38,Teacher,Chicago,82390
Ms. Wilfredo Trantow,32,Teacher,San Francisco,86573
Ron Cremin DC,54,Designer,San Francisco,146166
Shanice Bernhard,56,Engineer,San Francisco,85630
Magdalena Dickinson,23,Engineer,Los Angeles,130861
Alica Raynor MD,36,Engineer,New York,106870
Elmo Hickle,37,Designer,Chicago,135656
Jude Kilback,41,Teacher,San Francisco,131695
Ozella Ernser,32,Designer,Los Angeles,106079
Johnie Pfannerstill DO,36,Teacher,San Francisco,130062
Susann Emard,34,Manager,New York,126150
Blythe Johns Ret.,48,Teacher,Chicago,107262
Denita Stracke,49,Engineer,Los Angeles,138271
Marvin DuBuque,25,Designer,Los Angeles,94944
Zenia Friesen,58,Teacher,Chicago,141542
Victor Rolfson,57,Teacher,New York,112446
Wes Beahan,39,Engineer,San Francisco,91128
Rhea Hegmann,58,Manager,San Francisco,82917
Loyd O'Reilly,20,Engineer,New York,97626
Rudolf Rohan VM,26,Engineer,San Francisco,84212
Karey Macejkovic,51,Manager,New York,109780
Viki Spinka,38,Teacher,Los Angeles,76145
Horacio Osinski,41,Manager,Chicago,149311
Veronique Steuber,39,Engineer,Los Angeles,139752
Bernard Hickle,27,Manager,New York,141257
Michaele Feeney,55,Designer,New York,117819
Ervin Heller,49,Manager,Los Angeles,50169
Patricia Powlowski,39,Manager,San Francisco,61016
Carlotta Breitenberg,47,Engineer,San Francisco,53896
The Hon. Tanesha Ondricka,31,Engineer,Chicago,130744
Bradford Schiller,40,Engineer,San Francisco,65380
Ahmad Beer,49,Designer,San Francisco,52722
Pres. Seymour Labadie,50,Manager,New York,116602
Maisie Nikolaus,39,Designer,Los Angeles,77493
Toni Goldner,20,Engineer,New York,138805
Dannie Sawayn,46,Teacher,New York,90917
Margherita Cormier,38,Teacher,New York,117888
Burl Bailey Esq.,41,Engineer,New York,58421
Tynisha Medhurst,58,Manager,Los Angeles,131403
Hayden Wilkinson,33,Designer,San Francisco,98996
Jerica Graham,60,Teacher,Los Angeles,87047
Sen. Nickie Lubowitz,59,Designer,San Francisco,79688
Msgr. Nicholas Schowalter,46,Designer,Chicago,107554
Seth Price,39,Engineer,Chicago,127841
Jorge Kohler,24,Manager,San Francisco,132387
Taylor Schuster,48,Manager,Chicago,60799
Freddy Kemmer DO,48,Designer,New York,149529
Vallie Carroll,54,Engineer,San Francisco,117856
Johnny Hauck,60,Designer,Los Angeles,54694
Junita Crooks,41,Designer,Los Angeles,61132
Owen Yundt,44,Teacher,New York,63769
Liberty Carter,29,Teacher,Los Angeles,115217
Joan Langworth,41,Teacher,San Francisco,109808
Jeromy Dooley Ret.,55,Designer,Los Angeles,69564
Valrie Kshlerin,41,Designer,San Francisco,61039
Lacy Crist DO,54,Designer,Chicago,122781
Dr. Rodolfo Lind,51,Engineer,Chicago,55577
Mr. Felipe Lesch,50,Manager,San Francisco,58240
Shemeka Herzog,50,Teacher,New York,122738
Zoraida Hermiston,22,Designer,Los Angeles,104467
Donny Homenick,60,Manager,Los Angeles,65417
Raul Erdman,49,Designer,Chicago,123234
The Hon. Leida Hills,31,Manager,San Francisco,56750
Camilla Cole,20,Manager,Los Angeles,138163
Mitch Steuber,22,Teacher,Chicago,88570
Adrian Rogahn,30,Designer,New York,145547
Erma Greenfelder,23,Manager,New York,82172
Barrett Gleason,36,Designer,Chicago,144110
Prof. Ralph Bailey,54,Teacher,Chicago,72191
Dara Rempel,38,Manager,New York,135911
Jacob Zboncak,34,Teacher,Los Angeles,100766
Doyle Bode,48,Designer,Los Angeles,77469
Alica Koss,36,Engineer,San Francisco,90345
Pres. Ian Greenfelder,39,Teacher,Chicago,120232
